{"stats":{"minecraft:picked_up":{"minecraft:stick":1,"bewitchment:garlic":1,"minecraft:beetroot":1,"minecraft:beetroot_seeds":4,"minecraft:wheat_seeds":2,"minecraft:carrot":4},"minecraft:used":{"minecraft:stone_sword":20,"minecraft:bread":2,"minecraft:beetroot_seeds":1,"minecraft:shield":17},"minecraft:killed_by":{"minecraft:drowned":1,"minecraft:piglin_brute":1},"minecraft:custom":{"minecraft:time_since_rest":1529,"minecraft:crouch_one_cm":52,"minecraft:deaths":2,"minecraft:play_time":13176,"minecraft:sprint_one_cm":44372,"minecraft:sneak_time":19,"minecraft:damage_taken":660,"minecraft:walk_one_cm":39128,"minecraft:damage_blocked_by_shield":185,"minecraft:walk_under_water_one_cm":562,"minecraft:jump":127,"minecraft:damage_dealt":424,"minecraft:leave_game":1,"minecraft:time_since_death":1501,"minecraft:walk_on_water_one_cm":2666,"minecraft:climb_one_cm":214,"minecraft:total_world_time":13176,"minecraft:hex":0,"minecraft:swim_one_cm":4166,"minecraft:fall_one_cm":2602,"minecraft:fly_one_cm":26981},"minecraft:mined":{"minecraft:beetroots":1}},"DataVersion":3465}