{"stats":{"minecraft:killed":{"minecraft:skeleton":2,"minecraft:zombie":3,"graveyard:ghoul":1,"minecraft:spider":1,"minecraft:illusioner":1,"minecraft:piglin_brute":2,"minecraft:cow":1},"minecraft:picked_up":{"minecraft:coarse_dirt":4,"minecraft:stick":1,"minecraft:brown_mushroom":2,"friendsandfoes:totem_of_illusion":1,"minecraft:red_mushroom":3,"minecraft:sand":1,"minecraft:oak_log":2,"minecraft:carrot":5,"minecraft:spider_eye":1,"minecraft:string":4,"minecraft:dirt":3,"simplyswords:diamond_scythe":1,"minecraft:rotten_flesh":5,"minecraft:arrow":2,"bewitchment:garlic":1,"minecraft:beetroot":1,"minecraft:beetroot_seeds":4,"minecraft:wheat_seeds":2,"minecraft:beef":3,"minecraft:oak_sapling":1},"minecraft:used":{"bewitchment:garlic":1,"minecraft:beetroot":1,"minecraft:stone_sword":32,"simplyswords:diamond_scythe":44,"minecraft:bread":9,"minecraft:shield":19,"minecraft:dirt":3,"minecraft:oak_sapling":1,"minecraft:beetroot_seeds":1,"minecraft:carrot":1,"minecraft:coarse_dirt":4},"minecraft:killed_by":{"minecraft:drowned":1,"minecraft:piglin_brute":4,"minecraft:skeleton":1,"mythicmobs:chupacabra":1},"minecraft:custom":{"minecraft:time_since_rest":3708,"lootr:looted_stat":7,"minecraft:interact_with_furnace":1,"minecraft:sprint_one_cm":135327,"minecraft:damage_taken":2716,"minecraft:walk_one_cm":130550,"minecraft:damage_blocked_by_shield":318,"minecraft:mob_kills":11,"minecraft:drop":6,"minecraft:damage_dealt":2440,"minecraft:swim_one_cm":6923,"minecraft:interact_with_crafting_table":4,"minecraft:fly_one_cm":164219,"minecraft:crouch_one_cm":209,"minecraft:play_time":53453,"minecraft:deaths":7,"minecraft:sneak_time":81,"minecraft:walk_under_water_one_cm":830,"minecraft:interact_with_lectern":1,"minecraft:jump":621,"minecraft:leave_game":4,"minecraft:walk_on_water_one_cm":7947,"minecraft:time_since_death":3677,"minecraft:climb_one_cm":214,"minecraft:total_world_time":53453,"minecraft:hex":0,"minecraft:fall_one_cm":17341},"minecraft:mined":{"minecraft:podzol":2,"minecraft:coarse_dirt":5,"treechop:chopped_log":1,"minecraft:grass":3,"minecraft:grass_block":1,"minecraft:beetroots":1,"minecraft:sand":1,"minecraft:dirt":1,"minecraft:cobweb":5,"regions_unexplored:medium_grass":1,"regions_unexplored:windswept_grass":1,"minecraft:oak_leaves":2},"minecraft:dropped":{"minecraft:brown_mushroom":1,"minecraft:bundle":1,"minecraft:arrow":4,"minecraft:bow":1,"simplyswords:diamond_scythe":1,"minecraft:red_mushroom":3}},"DataVersion":3465}