{"stats":{"minecraft:killed":{"graveyard:ghoul":1,"minecraft:spider":1,"minecraft:skeleton":3,"minecraft:zombie":3,"minecraft:illusioner":1,"naturalist:cardinal":1,"minecraft:piglin_brute":2,"minecraft:cow":1},"minecraft:picked_up":{"minecraft:coarse_dirt":4,"minecraft:brown_mushroom":2,"friendsandfoes:totem_of_illusion":1,"minecraft:red_mushroom":3,"minecraft:oak_log":2,"minecraft:string":4,"minecraft:dirt":12,"simplyswords:diamond_scythe":1,"minecraft:bone":1,"minecraft:beetroot":1,"minecraft:wheat_seeds":2,"minecraft:beef":3,"botania:gray_mystical_flower":1,"minecraft:stick":1,"minecraft:sand":1,"minecraft:carrot":5,"minecraft:spider_eye":1,"minecraft:arrow":2,"bewitchment:garlic":1,"minecraft:rotten_flesh":5,"minecraft:beetroot_seeds":4,"minecraft:oak_sapling":1,"minecraft:skeleton_skull":1},"minecraft:used":{"bewitchment:garlic":1,"minecraft:beetroot":1,"archers:crystal_longbow":3,"minecraft:stone_sword":32,"mcdw:sword_broadsword":3,"minecraft:shield":19,"mcda:teleportation_robe_chestplate":1,"minecraft:dirt":8,"minecraft:carrot":1,"mcda:teleportation_robe_helmet":1,"paladins:monk_workbench":3,"simplyswords:diamond_scythe":44,"minecraft:bread":9,"spellbladenext:starforge":1,"mcda:teleportation_robe_leggings":1,"archers:mechanic_shortbow":2,"minecraft:oak_sapling":1,"mcda:teleportation_robe_boots":1,"minecraft:beetroot_seeds":1,"minecraft:coarse_dirt":4},"minecraft:killed_by":{"minecraft:piglin_brute":4,"mythicmobs:chupacabra":1,"minecraft:skeleton":1,"minecraft:drowned":1},"minecraft:custom":{"lootr:looted_stat":7,"minecraft:interact_with_furnace":1,"minecraft:mob_kills":13,"minecraft:interact_with_crafting_table":4,"minecraft:damage_dealt_resisted":0,"minecraft:leave_game":6,"minecraft:time_since_death":29193,"minecraft:climb_one_cm":214,"minecraft:hex":0,"minecraft:time_since_rest":29224,"minecraft:sprint_one_cm":145610,"minecraft:damage_taken":2774,"minecraft:walk_one_cm":153371,"minecraft:damage_blocked_by_shield":318,"minecraft:drop":6,"minecraft:damage_dealt":2699,"minecraft:swim_one_cm":6923,"minecraft:fly_one_cm":228242,"minecraft:crouch_one_cm":209,"minecraft:play_time":78969,"minecraft:deaths":7,"minecraft:sneak_time":245,"minecraft:walk_under_water_one_cm":830,"minecraft:interact_with_lectern":1,"minecraft:jump":681,"minecraft:walk_on_water_one_cm":8084,"minecraft:total_world_time":78969,"minecraft:fall_one_cm":18862},"minecraft:mined":{"minecraft:podzol":3,"minecraft:grass_block":9,"minecraft:coarse_dirt":5,"treechop:chopped_log":1,"minecraft:grass":4,"minecraft:beetroots":1,"minecraft:sand":1,"minecraft:dirt":1,"minecraft:cobweb":5,"regions_unexplored:medium_grass":1,"regions_unexplored:windswept_grass":1,"minecraft:oak_leaves":2},"minecraft:dropped":{"minecraft:brown_mushroom":1,"minecraft:red_mushroom":3,"minecraft:bundle":1,"minecraft:arrow":4,"minecraft:bow":1,"simplyswords:diamond_scythe":1}},"DataVersion":3465}