{"stats":{"minecraft:killed":{"minecraft:skeleton":3,"graveyard:ghoul":3,"minecraft:spider":3},"minecraft:picked_up":{"regions_unexplored:small_oak_log":7,"minecraft:stick":4,"minecraft:coarse_dirt":1,"minecraft:crafting_table":2,"patchouli:guide_book":1,"minecraft:brown_mushroom":4,"minecraft:red_mushroom":31,"croptopia:calamari":1,"minecraft:oak_log":18,"minecraft:ink_sac":3,"minecraft:string":2,"regions_unexplored:small_oak_sapling":1,"minecraft:bundle":1,"simplyswords:diamond_scythe":1,"minecraft:arrow":8,"minecraft:bone":5,"minecraft:bow":1,"minecraft:oak_sapling":3,"minecraft:skeleton_skull":1},"minecraft:crafted":{"minecraft:oak_planks":12,"minecraft:iron_axe":1,"minecraft:crafting_table":1,"minecraft:stick":8,"minecraft:wooden_axe":1,"minecraft:iron_sword":1},"minecraft:used":{"minecraft:wooden_axe":42,"minecraft:stone_sword":70,"minecraft:iron_axe":39,"minecraft:bread":12,"minecraft:shield":9,"minecraft:iron_sword":6,"regions_unexplored:small_oak_log":2,"minecraft:bow":1,"minecraft:crafting_table":2,"brewery:corn":1,"minecraft:mushroom_stew":2},"minecraft:custom":{"minecraft:time_since_rest":41743,"lootr:looted_stat":10,"minecraft:interact_with_furnace":1,"minecraft:sprint_one_cm":99484,"minecraft:damage_taken":863,"minecraft:walk_one_cm":111015,"minecraft:damage_blocked_by_shield":602,"minecraft:mob_kills":9,"minecraft:drop":2,"minecraft:damage_dealt":2580,"minecraft:swim_one_cm":14055,"minecraft:interact_with_crafting_table":4,"minecraft:fly_one_cm":133690,"minecraft:crouch_one_cm":523,"minecraft:play_time":41743,"minecraft:sneak_time":160,"minecraft:walk_under_water_one_cm":1980,"minecraft:damage_dealt_resisted":0,"minecraft:jump":539,"minecraft:eat_cake_slice":2,"minecraft:interact_with_blast_furnace":1,"minecraft:leave_game":2,"minecraft:time_since_death":41743,"minecraft:walk_on_water_one_cm":17685,"minecraft:total_world_time":41743,"minecraft:hex":0,"minecraft:fall_one_cm":11541},"minecraft:mined":{"minecraft:spruce_stairs":2,"minecraft:spruce_planks":2,"treechop:chopped_log":3,"minecraft:crafting_table":2,"minecraft:oak_log":18,"minecraft:mushroom_stem":1,"regions_unexplored:medium_grass":2,"minecraft:spruce_slab":4,"minecraft:fern":1},"minecraft:dropped":{"simplyswords:diamond_scythe":1,"croptopia:calamari":1},"minecraft:broken":{"minecraft:wooden_axe":1}},"DataVersion":3465}