{"stats":{"minecraft:killed":{"minecraft:skeleton":2,"graveyard:ghoul":3,"minecraft:spider":3},"minecraft:picked_up":{"minecraft:crafting_table":1,"minecraft:coarse_dirt":1,"minecraft:brown_mushroom":4,"minecraft:red_mushroom":31,"croptopia:calamari":1,"minecraft:oak_log":18,"minecraft:ink_sac":3,"minecraft:string":2,"minecraft:bundle":1,"simplyswords:diamond_scythe":1,"minecraft:bone":3,"minecraft:arrow":8,"minecraft:bow":1,"minecraft:skeleton_skull":1},"minecraft:crafted":{"minecraft:oak_planks":12,"minecraft:crafting_table":1,"minecraft:stick":4,"minecraft:wooden_axe":1},"minecraft:used":{"minecraft:wooden_axe":40,"minecraft:stone_sword":70,"minecraft:bread":12,"minecraft:shield":9,"minecraft:bow":1,"minecraft:crafting_table":1,"brewery:corn":1},"minecraft:custom":{"minecraft:time_since_rest":25775,"minecraft:interact_with_furnace":1,"minecraft:sprint_one_cm":51173,"lootr:looted_stat":6,"minecraft:damage_taken":759,"minecraft:walk_one_cm":82716,"minecraft:damage_blocked_by_shield":602,"minecraft:mob_kills":8,"minecraft:drop":1,"minecraft:damage_dealt":2380,"minecraft:swim_one_cm":7378,"minecraft:interact_with_crafting_table":2,"minecraft:fly_one_cm":70004,"minecraft:crouch_one_cm":480,"minecraft:play_time":25775,"minecraft:sneak_time":89,"minecraft:walk_under_water_one_cm":1556,"minecraft:jump":282,"minecraft:damage_dealt_resisted":0,"minecraft:eat_cake_slice":2,"minecraft:interact_with_blast_furnace":1,"minecraft:leave_game":1,"minecraft:walk_on_water_one_cm":16655,"minecraft:time_since_death":25775,"minecraft:total_world_time":25775,"minecraft:hex":0,"minecraft:fall_one_cm":4807},"minecraft:mined":{"treechop:chopped_log":1,"minecraft:crafting_table":1,"minecraft:oak_log":18,"minecraft:mushroom_stem":1,"regions_unexplored:medium_grass":1,"minecraft:fern":1},"minecraft:dropped":{"simplyswords:diamond_scythe":1}},"DataVersion":3465}